Tumor_Sample_Barcode,Mutation_Count,Mutations
TCGA-3X-AAV9-01,75,"TRUB1, ASCC1, RRM1, MAP3K11, LMO3, ABCC9, ANKRD33, SCNN1A, TRHDE, NBEA, ENOX1, OTX2, DPF3, TMED8, EML5, ALPK3, HYDIN, ADAMTS18, PRR11, CEP95, KIF19, CHRNB1, ROCK1, ELAVL3, ZNF208, NUMBL, KCNJ14, ZNF610, PRR22, LRRC71, PTPN14, OR2T12, TIE1, DOCK7, PDE4B, MICALL1, KYNU, SCN7A, DFNB59, APOB, KHK, GALNT14, SPTBN1, ARHGEF38, CENPU, N4BP2, SLC6A18, CSF1R, TENM2, MAP3K1, RASA1, ZUFSP, BTN3A1, HLA-F, PKHD1, GSTK1, EZH2, PIWIL2, PDP1, KCNV2, RP11-262H14.1, MAGEC1, BCOR, ELK1, CCNY, ADPRHL1, PPM1A, RYR3, ST6GALNAC3, MACROD2, BMP2, XIRP2, PRICKLE2, MAK, MOSPD2"
TCGA-3X-AAVA-01,60,"ASAH2, ROBO4, ARFGAP2, TMEM132C, KRT3, DCLK1, hsa-mir-3171, CYFIP1, RYR3, SEMA6D, WDR93, IDH2, ACSM5, KREMEN2, DNAJA3, ZNF821, GPR179, TUBD1, ROCK1, TMEM147, SIPA1L3, RELB, KLK5, LILRB1, MUC16, MUC16, DDX20, MOV10, MAN1A2, EPHA2, DSTYK, CSMD2, ATP5O, IGLV3-1, SLC25A12, CAD, VPS54, MTHFD2, LEF1, ABCG2, PDGFRB, PDGFRB, HIST1H2AI, TSPAN33, TAS2R41, NFE2L3, GGH, MRPL50, RUSC2, AIFM1, F8, MAGEB10, AGAP5, TSPAN14, API5, SULF2, RBM6, C4orf29, IRX2, ANK1"
TCGA-3X-AAVB-01,48,"WDFY4, A1CF, RAN, KRAS, STAT6, TUBGCP3, ISLR2, SARM1, EFCAB5, NEURL4, TP53, DSG4, CDH7, CEACAM5, ATAD3A, CKS1B, ZP4, ZMPSTE24, PLK3, DNAJC11, TSPEAR-AS1, BID, SULT4A1, LMLN, CPNE9, SLC22A5, ITK, C5orf60, HSP90AB1, ACHE, KMT2C, CALN1, NAA35, RBMXL3, HTATSF1, FLNA, PCDH19, OR4A15, KCNC2, MICU2, PPP2R5E, ZFP3, POLR3GL, PRDM6, SKAP2, ZBTB43, CERCAM, SEPT6"
TCGA-3X-AAVC-01,84,"BEND7, MUC6, ANO3, TSPAN18, UBE2L6, OR9I1, OR1S1, EIF1AD, ATF7IP, SKA3, LNX2, AHNAK2, C14orf183, TMEM260, PCSK6, UNC13C, SMG1, TP53TG3D, MT1X, HAGHL, PAFAH1B1, TP53, DNAH17, DSC1, ONECUT2, ICAM1, IFNL3, SH3GL1, USP29, KIF1B, HRNR, USP21, APOBEC4, NAV1, ABCA4, CLSTN1, CSRP2BP, ZNF512B, BIN1, PLEKHB2, THSD7B, MLK7-AS1, COL6A3, CAPN14, HAAO, B3GNT2, HSPBAP1, NISCH, NT5DC2, PBRM1, TRIML2, FIP1L1, DNAH5, ENC1, BRD9, RFESD, ZBTB24, FAM184A, MLLT4, TFAP2D, GNA12, POM121, ANGPT1, TAF2, ZNF250, LRRCC1, MMP16, KIAA1429, L1CAM, DNASE1L1, MAP7D2, MSN, FGF16, SPTB, PIP5K1A, ATPAF1, KRTAP13-2, MIR4777, MARCH6, HEY2, CAV1, CDK14, ADAM28, LDOC1"
TCGA-3X-AAVE-01,68,"NET1, BIRC2, OR5D16, POC1B, ASB7, EXD1, ALPK3, C16orf86, TMEM132E, MRC2, ARSG, ZNF136, RTBDN, CYP4F3, OR10H1, CYP2S1, CADM4, FKRP, FBN3, MED16, CLCC1, PSMA5, PEX11B, KLHL20, BRINP3, RD3, EPHA8, HMGCL, GPN2, MACF1, C8B, GZF1, BMP7, COL20A1, TTC28, SEC14L4, MEI1, GPR17, MLTK, PLCL1, DOCK10, KRCC1, NRROS, KBTBD8, KCNIP4, FAXDC2, EHMT2, PHF3, C6orf164, IFRD1, NOS3, ZNF12, DLC1, ZNF703, CAMSAP1, CDKN2A, PARG, CALML3, CHD2, SEPHS2, AKTIP, CHMP1A, SOCS6, MFAP3, HECA, FSCN1, PENK, RALGPS1"
TCGA-4G-AAZO-01,69,"COX15, GBF1, SORBS1, IL10RA, PAX6, OR5I1, CD163, LINC00283, ATP11A, EAPP, TRMT5, PTPN21, LYSMD4, GREM1, CILP, PPL, GPR179, ERBB2, ERBB2, STAT5A, MED13, SDK2, EVPL, KLHL14, CCDC178, ZNF208, ZNF112, CSF1, EIF3I, LRP8, ZHX3, COL6A1, UXS1, CNTNAP5, NEB, ZNF804A, NT5C1B, GPR113, BIRC6, IMPG2, PHLDB2, LARS2, BAP1, CCNA2, HTN1, SLC12A7, NNT, ADAMTS16, SYNE1, SERAC1, ARHGEF5, NXPH1, EXTL3, XKR4, SEC16A, MAMDC4, TLN1, ZNF185, CPN1, PAX2, ACBD5, TRIM13, ZNF652, PPAP2B, APOBEC3D, ST13, BMP6, KAT6A, FAM127C"
TCGA-4G-AAZT-01,147,"DPYSL4, NLRX1, ARFGAP2, STAB2, LRP1, ZDHHC17, KLF5, ISLR2, NDUFB10, HIRIP3, MYH2, FMNL1, SCN4A, KATNAL2, WIZ, GNA15, RYR1, CAPN12, TICAM1, CTTNBP2NL, FLG, RSC1A1, NBPF1, ELF3, NID1, FMN2, FMN2, ARID1A, VAPB, PLCB1, LTN1, TTN-AS1, PDE1A, PAX3, NYAP2, NUP210, PIK3CA, ETV5, CHL1, BAP1, BAP1, PBRM1, TET2, CCDC96, TRIM36, FBN2, PCDHA4, SLC34A1, GPR98, RHOBTB3, MOG, PHIP, ZCWPW1, PLXNA4, PRSS58, ZNF107, KCNU1, ADAM32, SLC26A7, TPRN, DPYSL4, NLRX1, ARFGAP2, STAB2, MYO1A, LRP1, ZDHHC17, KLF5, LTBP2, MYH2, FMNL1, SCN4A, KATNAL2, WIZ, GNA15, RYR1, CAPN12, TICAM1, CTTNBP2NL, FLG, RSC1A1, ELF3, NID1, FMN2, FMN2, ARID1A, VAPB, PLCB1, LTN1, TTN-AS1, PDE1A, PAX3, NYAP2, NUP210, PIK3CA, ETV5, CHL1, BAP1, BAP1, PBRM1, TET2, CCDC96, TRIM36, FBN2, SLC34A1, GPR98, RHOBTB3, MOG, PHIP, ZCWPW1, PLXNA4, PRSS58, ZNF107, KCNU1, ADAM32, KCNB2, SLC26A7, TPRN, ZNF503, H3F3C, KDM5A, DAOA, RDH11, LYSMD4, KPNB1, KLK12, UBE2Q1, MARK1, HMGCL, PDE11A, ZNF501, RABGAP1, ZNF503, H3F3C, KDM5A, DAOA, RDH11, LYSMD4, KLK12, RSBN1, UBE2Q1, MARK1, HMGCL, PDE11A, SEMA4C, ZNF501, RABGAP1"
TCGA-W5-AA2G-01,80,"CUBN, ANK3, AGAP5, TSSC4, KCNK4, ZFC3H1, NR2C1, RYR3, EMC4, CTCF, SMPD3, ATXN1L, ZNF18, ALDH3A1, GSDMA, GHDC, UBTF, OR10H4, RUVBL2, TUFT1, SPTA1, EPHA2, PRRC2C, PAPPA2, PKP1, CNTN2, RYR2, DLGAP3, ZMYM4, RALGAPB, CACNG2, EFCAB6, LRP2, CCDC141, NBEAL1, IDH1, DNAJB3, ARID5A, CD96, UROC1, COL7A1, IP6K2, UBE2D3, WDR55, REV3L, HSP90AB1, COL9A1, CALD1, HTR5A, MLXIPL, PHF20L1, ADAMTSL1, NXF5, F9, ATP11C, SPANXA2-OT1, PHKA2, MAGEE1, BRWD3, ZMYM2, MYCBP2, SLITRK5, ITPRIPL2, NFAT5, HSBP1, RGS9, CNTN2, MIER1, TOB2, RHOB, CCDC140, MFF, WNT7A, POU4F2, TCERG1, MARCKS, HIST1H2BD, VEGFA, HEPACAM2, NRK"
TCGA-W5-AA2H-01,12,"EP400, TMEM87A, NDEL1, ZNF683, IFT172, NIPBL, ARID1B, MED12, PDE3A, LPGAT1, LBH, KAT6A"
TCGA-W5-AA2I-01,139,"PHYH, FEZ1, MUC5B, MUC5B, CD81, TAS2R31, GALNT9, SPATS2, DLK1, GABRB3, ACTC1, UBR1, KIAA1199, IL32, TRAP1, WASIR2, ZNF469, TRAF4, CPD, KLHL11, HSF5, TP53, C1QTNF1, CPLX4, S1PR5, CCDC159, ZNF728, ZNF536, PEPD, ZNF233, EPHA2, CEP350, CHI3L1, EPRS, ZNF691, ROR1, UCKL1, ARHGEF4, NEUROD1, SMARCAL1, TRIP12, COL6A3, HHLA2, MME, PBRM1, CADM2, H2AFZ, SPATA4, ALB, FBN2, RIOK2, DAAM2, FAM71F2, UBN2, PCLO, BLK, KCNQ3, DCAF4L2, DMD, MAGED1, PCDH11X, PHYH, FEZ1, MUC5B, MUC5B, CD81, TAS2R31, GALNT9, SPATS2, DLK1, GABRB3, ACTC1, UBR1, KIAA1199, IL32, TRAP1, WASIR2, ZNF469, TRAF4, CPD, KLHL11, HSF5, TP53, CPLX4, S1PR5, CCDC159, ZNF728, ZNF536, PEPD, ZNF233, EPHA2, CEP350, CHI3L1, EPRS, ROR1, UCKL1, ARHGEF4, NEUROD1, SMARCAL1, TRIP12, COL6A3, HHLA2, MME, PBRM1, CADM2, H2AFZ, SPATA4, ALB, FBN2, RIOK2, FAM71F2, UBN2, PCLO, BLK, KCNQ3, DCAF4L2, DMD, MAGED1, PCDH11X, MED13L, GPD1, MGAT5B, HS2ST1, E2F6, EPHA4, CDYL, AHCYL2, GLI3, P2RY10, MED13L, GPD1, MGAT5B, HS2ST1, E2F6, EPHA4, CDYL, AHCYL2, GLI3, P2RY10"
TCGA-W5-AA2O-01,92,"FGFR2, MRGPRX1, FAT3, TMEM132D, TMEM132D, ADAMTS20, KMT2D, KMT2D, KRT1, OR6C3, WNK1, AKAP11, MVD, TP53, TP53, NLRP5, FBN3, MUC16, VAV3, CA6, C21orf90, ACO2, IDH1, NYAP2, STON1-GTF2A1L, FAT1, WHSC1, TMPRSS11A, SRFBP1, PMCHL1, ZNRD1-AS1, RREB1, NACAD, CHCHD2, PXDNL, AKNA, PDCL, RPL12, FGFR2, MRGPRX1, FAT3, TMEM132D, TMEM132D, ADAMTS20, KMT2D, KMT2D, KRT1, OR6C3, WNK1, AKAP11, MVD, TP53, TP53, NLRP5, FBN3, MUC16, VAV3, CA6, C21orf90, OR11H1, ACO2, IDH1, NYAP2, STON1-GTF2A1L, FAT1, WHSC1, TMPRSS11A, SRFBP1, ZNRD1-AS1, RREB1, CHCHD2, AKNA, PDCL, RPL12, MKX, SAP18, ZC3H14, ANKRD34C, SRCIN1, LSM12, ZNF28, ARHGEF2, OTUD4, GPM6A, MKX, SAP18, ANKRD34C, SRCIN1, ZNF28, ARHGEF2, OTUD4, GPM6A"
TCGA-W5-AA2Q-01,142,"PFKP, ZEB1, FZD8, ZNF37BP, PSAP, KIAA1377, ELMOD1, OR4D5, UBQLNL, TMEM109, NELL2, TMTC2, CSNK1A1L, TECPR2, RDH12, ZC3H7A, HIRIP3, ARMC5, HAS3, GLG1, CPNE7, TMEM11, SCIMP, AMZ2, LAMA3, LDLR, SEC1P, SIGLEC10, C3, MUC16, BCL9, NR1I3, HMGCL, KIF28P, ROR1, ACSL3, ARMC9, C2orf71, SEMA4C, ATR, USP13, TGFBR2, TRANK1, NCKIPSD, INTS12, LRIT3, N4BP2, KDR, UGT3A1, MICAL1, TRAF3IP2, HLA-DRA, UBR2, FAM135A, GPR146, LRRC6, COL22A1, PDGFRL, BIN3, ANK1, PPP6C, TRPM6, SLC7A3, SYTL4, PFKP, ZEB1, FZD8, ZNF37BP, PSAP, KIAA1377, ELMOD1, OR4D5, TMEM109, NELL2, TMTC2, CSNK1A1L, TECPR2, RDH12, ZC3H7A, HIRIP3, ARMC5, HAS3, GLG1, CPNE7, TMEM11, SCIMP, AMZ2, LAMA3, LDLR, SEC1P, SIGLEC10, C3, MUC16, BCL9, NR1I3, HMGCL, KIF28P, ROR1, ACSL3, ARMC9, FAM228A, C2orf71, SEMA4C, ATR, USP13, TGFBR2, TRANK1, NCKIPSD, INTS12, LRIT3, N4BP2, KDR, UGT3A1, MICAL1, TRAF3IP2, HLA-DRA, UBR2, FAM135A, GPR146, LRRC6, COL22A1, PDGFRL, BIN3, ANK1, PPP6C, TRPM6, IQSEC2, SLC7A3, SYTL4, IRS2, CATSPERB, KRT39, HNRNPH1, ICK, SEMA3D, IRS2, CATSPERB, KRT39, HNRNPH1, FOXO3, ICK, SEMA3D"
TCGA-W5-AA2R-01,77,"MAP2K1, SEC14L5, TBC1D27, TMIGD1, DNAH2, SASS6, DRAM2, CREB3L4, PSEN2, SON, NCK2, RGPD8, METTL8, UNC80, CUL3, ABHD1, GALNT14, EML6, LPP, LIAS, KIAA0825, F13A1, ACTR3C, KIAA1324L, HTRA4, CNTNAP3, SPATA31D1, AGTR2, MAOB, MAP2K1, SEC14L5, TMIGD1, DNAH2, SASS6, DRAM2, CREB3L4, PSEN2, SON, NCK2, RGPD8, METTL8, CUL3, ABHD1, GALNT14, EML6, LPP, LIAS, KIAA0825, F13A1, ACTR3C, KIAA1324L, HTRA4, CNTNAP3, SPATA31D1, AGTR2, MAOB, CACNB2, QSOX1, KLF11, VPS54, CPNE4, FCHO2, AMD1, GPX5, EEF1A1, COL5A1, CACNB2, PEA15, QSOX1, VPS54, CPNE4, FCHO2, AMD1, GPX5, EEF1A1, KAT6A, COL5A1"
TCGA-W5-AA2T-01,132,"ITPRIP, DMBT1P1, MED19, HNRNPUL2, ZNF385A, C12orf55, LINC00346, SNORD114-4, ISL2, KLHL25, HAPLN3, SLFN12, ZNF750, RYR1, IZUMO2, HAS1, LAIR2, HCN2, ASPM, CHRM3, OPRD1, PODN, LRRC7, TNNI3K, ZNF831, DIDO1, TPTE, UBASH3A, TGFBRAP1, ARHGEF4, THSD7B, MARCH7, TTN, REG3G, HS3ST1, NEIL3, ZAR1, ALB, SMAD5, KIAA0947, MRPS27, GPR98, ELL2, GPR31, CHRM2, AHR, FKBP9L, TRIM55, COL5A1, BNC2, AR, ITPRIP, DMBT1P1, MED19, HNRNPUL2, ZNF385A, C12orf55, LINC00346, SNORD114-4, ISL2, KLHL25, HAPLN3, SLFN12, ZNF750, RYR1, IZUMO2, HAS1, LAIR2, HCN2, ASPM, CHRM3, OPRD1, PODN, LRRC7, TNNI3K, ZNF831, DIDO1, TPTE, UBASH3A, TGFBRAP1, ARHGEF4, THSD7B, MARCH7, TTN, REG3G, HS3ST1, NEIL3, ZAR1, ALB, SMAD5, KIAA0947, MRPS27, GPR98, ELL2, GPR31, CHRM2, AHR, FKBP9L, TRIM55, COL5A1, BNC2, AR, PAPSS2, DYNLL1, ST8SIA2, MAU2, KLK5, MFSD4, GGPS1, PIWIL3, BCL11A, HTR1F, PCDH10, NPY2R, GLI3, ZNF275, PCDH11X, PAPSS2, DYNLL1, ST8SIA2, MAU2, KLK5, MFSD4, GGPS1, PIWIL3, BCL11A, HTR1F, PCDH10, NPY2R, GLI3, ZNF275, PCDH11X"
TCGA-W5-AA2U-01,250,"USP28, OR6T1, AMBRA1, PPFIBP2, TENM4, EP400, GXYLT1, APAF1, SUPT20H, DOCK9, TGM1, SCG5, SLC12A6, UBR1, MYO5C, NTRK3, SPNS1, ARMC5, UBTF, ABCA8, PDE4A, HNRNPUL1, BCL3, RAB11B, UBE4B, BCAN, LRRC52, PTPRC, USP48, DISP1, C1orf94, PTPRF, KTI12, LDLRAD1, C1orf170, CDH26, HRH3, APP, THOC5, THOC5, SEC14L3, CHADL, FLJ27365, GRB14, SF3B1, ERBB4, SCLY, SCLY, GAL3ST2, CLIP4, SRBD1, ERLEC1, IGKV1-9, VGLL4, EEFSEC, COL6A6, MIR4800, TLR1, IBSP, MEGF10, ANKHD1, PCDHA11, MAST4, FAM169A, IQGAP2, RIOK2, SOBP, GMPR, OR2J3, C6orf10, EYS, EPHA7, LRP12, OC90, PLEC, SLC39A4, SLC7A2, PHYHIP, RHOBTB2, PREX2, RP11-204M4.2, CDC37L1, ROR2, RPL36A-HNRNPH2, NXF4, CXorf57, GUCY2F, ELF4, FAM127A, ZNF449, MAGEC1, GLRA2, MAGEA1, GYG2, FAM47C, BCOR, SRPX2, USP28, OR6T1, AMBRA1, PPFIBP2, TENM4, EP400, GXYLT1, APAF1, SUPT20H, DOCK9, TGM1, SCG5, SLC12A6, UBR1, MYO5C, NTRK3, SPNS1, ARMC5, UBTF, ABCA8, PDE4A, RYR1, HNRNPUL1, BCL3, RAB11B, UBE4B, BCAN, LRRC52, PTPRC, USP48, DISP1, C1orf94, PTPRF, KTI12, LDLRAD1, C1orf170, CDH26, APP, THOC5, THOC5, SEC14L3, CHADL, FLJ27365, GRB14, SF3B1, ERBB4, SCLY, SCLY, GAL3ST2, CLIP4, SRBD1, ERLEC1, IGKV1-9, VGLL4, EEFSEC, COL6A6, MIR4800, TLR1, IBSP, MEGF10, ANKHD1, PCDHA11, MAST4, FAM169A, IQGAP2, RIOK2, SOBP, GMPR, OR2J3, C6orf10, EYS, EPHA7, LRP12, OC90, PLEC, SLC39A4, SLC7A2, PHYHIP, RHOBTB2, PREX2, CDC37L1, ROR2, RPL36A-HNRNPH2, NXF4, CXorf57, GUCY2F, ELF4, FAM127A, ZNF449, MAGEC1, GLRA2, MAGEA1, ZFP92, GYG2, FAM47C, SRPX2, KIAA1217, SCUBE2, KDM5A, LARP4, ZNF740, PLEKHG3, SNX20, MARVELD3, CMIP, CCDC144NL, RALBP1, RAB3D, MKNK2, GIPC3, SIPA1L3, SRSF11, DNASE2B, EN1, FZD5, SOX11, NDNF, NPY2R, PKD2, MSX2, HMGCR, PLAG1, ARHGAP36, KIAA2022, RAB11FIP2, KIAA1217, SCUBE2, LARP4, ZNF740, PLEKHG3, SNX20, MARVELD3, CMIP, CCDC144NL, RALBP1, RAB3D, MKNK2, GIPC3, SIPA1L3, SRSF11, DNASE2B, CCDC93, EN1, FZD5, SOX11, NDNF, NPY2R, PKD2, MSX2, BACH2, PLAG1, ARHGAP36, KIAA2022"
TCGA-W5-AA2W-01,44,"MPZL3, BAD, NOX4, KRT121P, NAV3, ZNF839, TRAV13-2, CATSPERB, TMEM87A, MYO9A, AKAP13, BLM, PIP4K2B, CDC27, SDK2, DNAH2, WBP11P1, AP2S1, KCNJ14, SIGLEC9, OR2L13, NKX2-2, KRTAP12-2, COL6A3, KIF3C, GFM1, BAP1, NFKBIE, THAP5, RP11-3N2.13, CHD7, PIP5KL1, SPTAN1, DOLK, CASK, OTUD5, FAM175B, AGAP5, ARHGAP5, MTHFD1, DIS3L2, FOXP1, AMPH, DCX"
TCGA-W5-AA2X-01,163,"XPNPEP1, SMC3, MYPN, NAV2, OR52I1, DPP3, RBM4, LRFN4, PTPRO, MUCL1, AGAP2-AS1, SYNDIG1L, TRIP11, PML, CHRNA5, VPS33B, POLR3E, ITGAX, KIAA0100, YPEL2, MYO5B, KEAP1, STK11, PLOD1, IVL, ANGEL2, OBSCN, MLK4, FMN2, SLC5A9, GNAS-AS1, SYNJ1, RIPK4, MARCO, PRPF40A, TANC1, UNC80, LRRTM4, MORC1, HEG1, DHX36, GPR149, HTR1F, CGGBP1, CGGBP1, FILIP1L, HELQ, CMBL, APC, DNAH5, ADAMTS16, PTPRK, ZSCAN16, TUBB2A, ANKS1A, DNAH8, SND1, TMUB1, NOM1, HDAC9, ELN, GTF2IRD1, KPNA7, C9orf91, ADAMTS13, HAUS6, NPR2, AK3, TMEM2, PTCH1, PHKA1, PHKA1, XPNPEP1, SMC3, MYPN, NAV2, OR52I1, DPP3, RBM4, LRFN4, PTPRO, MUCL1, AGAP2-AS1, SYNDIG1L, TRIP11, PML, CHRNA5, VPS33B, POLR3E, ITGAX, KIAA0100, YPEL2, MYO5B, KEAP1, STK11, PLOD1, IVL, ANGEL2, OBSCN, MLK4, FMN2, CSMD2, SLC5A9, GNAS-AS1, SYNJ1, RIPK4, MARCO, PRPF40A, TANC1, UNC80, LRRTM4, MORC1, DHX36, GPR149, HTR1F, CGGBP1, CGGBP1, FILIP1L, HELQ, CMBL, APC, DNAH5, ADAMTS16, PTPRK, ZSCAN16, TUBB2A, ANKS1A, DNAH8, SND1, TMUB1, NOM1, HDAC9, ELN, GTF2IRD1, KPNA7, C9orf91, ADAMTS13, HAUS6, NPR2, AK3, TMEM2, PTCH1, PHKA1, PHKA1, HDDC3, TP53TG3D, NKX2-2, ARF4, TMEM33, MAML1, TCP10, NUP153, ZNF800, KAT6A, ZFHX4, HDDC3, TP53TG3D, NKX2-2, TMEM33, MAML1, NUP153, ZNF800, ZFHX4"
TCGA-W5-AA2Z-01,43,"SCN3B, MUC5B, TIGD3, MYO7A, DTX1, DYRK4, ZNF598, C16orf59, SLX4, BRD7, RP11-559N14.5, RN7SL860P, PSG8, RPRD2, SELL, SELL, CACNA1E, MGME1, AC104809.4, SLC9C1, IGSF10, DAZL, SLCO4C1, AFF4, NRG2, BTN3A1, FOXK1, CALCR, PRKDC, GALNT12, H2BFM, ARHGAP36, RGS11, SYDE1, ZNF99, ZNF765, IVNS1ABP, E2F1, MLPH, NKD2, BTN3A2, SLC25A37, MAGEA3"
TCGA-W5-AA30-01,190,"ANK3, SORBS1, TM9SF3, CAPRIN1, SPTBN2, DCHS1, ADRBK1, B4GALNT3, CHAMP1, PSPC1, BRCA2, BRF1, ANGEL1, NRXN3, EML5, PLA2G4E, KRT16P3, KIF19, LAMA3, CELF4, GATAD2A, ZNF14, ZNF431, ZNF100, PDCD2L, SERTAD1, CEACAM3, PVR, SIGLEC17P, FPR1, ZNF534, NLRP11, ENSA, LRRC52, KLHL20, CACNA1E, DHX9, KCNT2, ELF3, ACBD3, JMJD4, PTGER3, ST6GALNAC3, CSE1L, TSHZ2, FAM209A, AMMECR1L, ITGB6, TTN, APOB, OTOF, PPP1CB, CLHC1, WDR92, WDR92, CTNNA2, KIAA1211L, ISY1, KCNMB2, ATP13A4, PBRM1, ANK2, KIAA1109, TACC3, TLR3, PCDH7, NOA1, KIF4B, NSD1, RUFY1, PTCD2, BAI3, TECPR1, DAPK1, CXorf57, ARHGAP6, RPS6KA3, CACNA1F, ZCCHC5, ANK3, SORBS1, TM9SF3, CAPRIN1, FEN1, SPTBN2, DCHS1, ADRBK1, B4GALNT3, CHAMP1, PSPC1, BRCA2, BRF1, ANGEL1, NRXN3, EML5, PLA2G4E, KRT16P3, KIF19, LAMA3, CELF4, GATAD2A, ZNF14, ZNF431, ZNF100, PDCD2L, C2CD4C, SERTAD1, CEACAM3, PVR, SIGLEC17P, FPR1, ZNF534, NLRP11, ENSA, VANGL2, LRRC52, KLHL20, CACNA1E, DHX9, KCNT2, ELF3, ACBD3, JMJD4, PTGER3, ST6GALNAC3, CSE1L, FAM209A, AMMECR1L, ITGB6, TTN, APOB, THAP4, OTOF, PPP1CB, CLHC1, WDR92, WDR92, CTNNA2, KIAA1211L, ISY1, KCNMB2, ATP13A4, PBRM1, ANK2, KIAA1109, TACC3, TLR3, PCDH7, NOA1, KIF4B, NSD1, RUFY1, PTCD2, BAI3, TECPR1, FAM83H, HSF1, DAPK1, ARHGAP6, RPS6KA3, CACNA1F, ZCCHC5, TRPV4, LRRK2, EGLN3, SRSF5, HDGFRP3, TUFT1, SNAI1, MICALL1, CCDC85A, UBXN7, ATP6V1B2, C8orf86, TLE4, UBE2A, TRPV4, LRRK2, EGLN3, SRSF5, HDGFRP3, SNAI1, MICALL1, CCDC85A, KLHL6, UBXN7, ATP6V1B2, C8orf86, TLE4, UBE2A"
TCGA-W5-AA31-01,130,"SH3PXD2A, OGDHL, FLI1, PDE3B, OR5M11, PRKAG1, CELA1, CELA1, PPP1R1A, DIAPH3, TRAV27, OTX2, HDDC3, TSC2, MYO1C, WDR81, CSHL1, GPS2, GPS2, CHD3, ZNF100, SLC39A3, ZNF45, PLA2G4C, NRAS, ADAM30, FMN2, NDRG3, SNX21, ATP9A, BMP2, CAD, LNP1, CELSR3, BAP1, PCDHA4, PCDHA9, DOCK2, DRD1, ADAMTS12, NIPBL, GRIK2, WEE2, OR2A12, ABCA13, CASD1, TRHR, PKHD1L1, HAS2, SCARA5, GPR144, TPRN, ZDHHC21, BRWD3, SH3PXD2A, OGDHL, FLI1, PDE3B, OR5M11, PRKAG1, PPP1R1A, DIAPH3, TRAV27, OTX2, HDDC3, TSC2, MYO1C, WDR81, CSHL1, GPS2, GPS2, CHD3, ZNF100, SLC39A3, ZNF45, PLA2G4C, NRAS, ADAM30, FMN2, NDRG3, SNX21, ATP9A, BMP2, LNP1, CELSR3, BAP1, PCDHA4, PCDHA9, DOCK2, DRD1, ADAMTS12, NIPBL, GRIK2, WEE2, OR2A12, ABCA13, TNRC18, CASD1, CYP3A43, TRHR, PKHD1L1, HAS2, SCARA5, GPR144, TPRN, ZDHHC21, BRWD3, PRKG1, ZIC5, SLITRK6, CTRL, GID4, RSBN1, FOXP1, CLDND1, APBB2, RBM33, ZFHX4, ZNF618, PRKG1, OSBPL8, SLITRK6, CTRL, GID4, FOXP1, CLDND1, APBB2, RBM33, ZFHX4, ZNF618"
TCGA-W5-AA33-01,94,"C11orf52, DSCAML1, TAF10, CMA1, DNAAF2, CDH13, SMG6, CDH20, GLTSCR1, ZNF547, FAM102B, CACNA1E, SLC32A1, ZFP64, CCT8L2, SLC5A1, DARS, MYH15, BOC, KIAA1407, STAB1, PTPRG, DNAH5, PCDHA5, TENM2, PLCXD3, ERMARD, TRBV5-1, ZYX, SSPO, HGF, ADRA1A, PI15, DEFB105A, MPDZ, TENM1, USP9X, NONO, C11orf52, DSCAML1, TAF10, CMA1, DNAAF2, CDH13, SMG6, CDH20, GLTSCR1, ZNF547, FAM102B, CACNA1E, SLC32A1, ZFP64, CCT8L2, DARS, MYH15, KIAA1407, STAB1, PTPRG, DNAH5, PCDHA5, TENM2, PLCXD3, ERMARD, TRBV5-1, ZYX, SSPO, HGF, ADRA1A, PI15, DEFB105A, MPDZ, TENM1, USP9X, CACNA1F, NONO, NANOS1, ALDH3B1, GRHL1, ALS2, HK2, PALLD, MFAP3L, SH3TC2, FOCAD, NANOS1, ALDH3B1, SRSF9, GRHL1, ALS2, HK2, PALLD, MFAP3L, SH3TC2, FOCAD"
TCGA-W5-AA34-01,121,"CALHM3, FGFR2, KLLN, USP2, CTSD, NELL1, SLC17A6, AHNAK, GRM5, VWF, MGAT4C, MTUS2, FNDC3A, OR10G3, ZFYVE26, ZNF410, ANXA2, SCNN1G, C16orf78, PIGS, NOL4, URI1, ALDH16A1, PPM1J, AMPD1, OR10X1, SLC37A1, AC002472.13, SLC5A1, AC112229.4, IWS1, TTN, IDH1, OR6B3, TET3, KRT8P12, LRCH3, HYAL3, FSTL5, IGJ, HLA-DOA, KCNH2, RIMS2, DLGAP2, UNC5D, ANK1, CHD7, PPP2R4, TRPC5, MTM1, GPR64, CALHM3, FGFR2, KLLN, CTSD, NELL1, SLC17A6, AHNAK, GRM5, VWF, MGAT4C, MTUS2, FNDC3A, OR10G3, ZFYVE26, ZNF410, ANXA2, SCNN1G, C16orf78, PIGS, NOL4, URI1, ALDH16A1, PPM1J, AMPD1, OR10X1, SLC37A1, SLC5A1, AC112229.4, IWS1, TTN, IDH1, OR6B3, TET3, KRT8P12, HYAL3, FSTL5, IGJ, HLA-DOA, KCNH2, RIMS2, DLGAP2, UNC5D, ANK1, CHD7, PPP2R4, TRPC5, MTM1, GPR64, ZMYND11, AKT3, LSM14B, FAM227A, AMER3, ZIC4, TNIP1, CPED1, AMMECR1, ZCCHC16, POF1B, AKT3, LSM14B, FAM227A, AMER3, ZIC4, AFF1, TNIP1, CPED1, AMMECR1, ZCCHC16, POF1B"
TCGA-W5-AA36-01,72,"FGFR2, TRPC6, OR51G2, C12orf49, SCN8A, VWF, RTN1, TTC8, MAGEL2, ULK4P1, MGA, EEF2K, ZSCAN10, CNOT1, ATP6V0A1, SGCA, PLEKHM1P, DNAH17, NOL4, EMR2, OR7C1, TIMM50, MYH14, NLRP7, CAMSAP3, PRDM2, NES, OR10J3, CR2, KMO, TXLNA, CSMD2, MACF1, PPAP2B, ZZZ3, KCNG1, NAB1, IDH1, INPP5D, SEC31A, ZFR, PTGER4, EXOC3, SYCP2L, RNF146, SCUBE3, RAB19, PCLO, TRPS1, CHD7, RIPK2, GCNT1, CENPI, NRK, MAGEA1, MAGEA1, ARSF, CCNB3, LGR4, SLC38A4, SRCIN1, MAP10, MIER1, HIC2, PRKRA, ELF2, SPOCK3, ZSCAN12, HLA-DQB2, UBXN2B, TMEFF1, IFNA8"
TCGA-W5-AA38-01,57,"NPM3, SORCS3, PHLDB1, ETS1, MIR3162, TUBA3C, CLEC14A, DNM1P47, UBE3A, ZNF609, ZNF609, DNASE1L2, AMFR, ZPBP2, GSDMA, MOCOS, DNM2, ZNF99, PSG5, TRIM33, VANGL1, ADAM30, TPR, OBSCN, PPCS, PLCG1, TTC3, EIF4ENIF1, BCHE, PBRM1, PCDH10, BRD2, VPS52, DGKI, WBSCR22, RIMS2, RP1, TMEM31, NRK, FRMPD3, FOSL1, GABRA5, SHC4, TPM1, ST8SIA2, KIAA0556, EPG5, TNFAIP8L1, LPHN2, SH3GLB1, C20orf112, FAM210B, ETS2, KRTAP10-9, B3GNT5, OXSR1, HDHD3"
TCGA-W5-AA39-01,1285,"ABCC2, KAZALD1, MGEA5, FBXL15, PDCD11, LINC00710, XPNPEP1, ACSL5, NHLRC2, INPP5F, ATE1, IKZF5, STK32C, PAOX, SKIDA1, MSRB2, LRRC37A6P, ARMC4, KIAA1462, CREM, CREM, CCNY, DIP2C, RET, WDFY4, DRGX, TIMM23, FAM208B, JMJD1C, JMJD1C, JMJD1C, LRRTM3, SLC25A16, CDH23, DNAJC9, MRPS16, PPP3CB, KCNMA1, RPS24, MAT1A, PTEN, PCGF5, PPP1R3C, IDE, C10orf62, BIRC3, ELMOD1, CTR9, CTR9, RDX, C11orf88, C11orf52, DLAT, TTC12, ZBTB16, PAFAH1B2, KMT2A, C2CD2L, USP2, TBCEL, HSPA8, MUC5B, MUC5B, RP11-890B15.2, IGSF9B, CALCB, FSHB, TCP11L1, CAPRIN1, NUP98, NUP98, NUP98, DDB2, DDB2, RAPSN, KBTBD4, OR51S1, PTDSS2, UBQLNL, C11orf31, CTNND1, STX3, FADS1, AHNAK, C11orf48, SLC3A2, NUDT22, PYGM, ATG2A, CAPN1, MALAT1, MALAT1, MALAT1, SCYL1, SIPA1, KAT5, SF3B2, B3GNT1, MRPL11, TPP1, RBM4, CARNS1, NDUFV1, SUV420H1, OR2D3, SHANK2, INPPL1, RAB6A, DNAJB13, PPFIBP2, MYO7A, GDPD4, PCF11, PCF11, PCF11, PCF11, PCF11, ANKRD42, CCDC83, SCUBE2, TAF1D, PANX1, UTP20, PRDM4, DAO, TAS2R9, TAS2R9, ANKRD13A, TPCN1, TBX3, C12orf43, SETD1B, PSMD9, LRP6, LRP6, LRP6, ZCCHC8, TMEM132D, POLE, ITPR2, OVCH1, DDX11, RAPGEF3, SENP1, DHH, LARP4, ACVR1B, KRT85, KRT85, DNAJC14, CDK2, SMARCC2, STAT2, TIMELESS, NACA, LRP1, NXPH4, SRGAP1, C1S, ZFC3H1, ATXN7L3B, ATXN7L3B, SYT1, GALNT4, GALNT4, A2M, C12orf55, TMTC4, CCDC168, CHAMP1, USP12, USPL1, SUPT20H, WBP4, VWA8, LRRC63, ATP7B, ALG11, UTP14C, TGDS, CDC42BPB, IGHV3-48, OR4Q3, OR4N2, HAUS4, LRRC16B, CIDEB, CIDEB, SCFD1, SRP54, FAM177A1, PRPF39, ATP5S, CDKL1, PTGER2, BMP4, SAMD4A, SYNE2, GPX2, KIAA0247, SYNJ2BP, ADAM21, ELMSAN1, ZNF410, CIPC, NRXN3, PSMC1, C14orf159, ASB2, DICER1, DICER1, NDN, SNORD116-11, FMN1, ZNF770, MEIS2, C15orf52, SPTBN5, PLA2G4D, GANC, B2M, SLC12A1, LEO1, DPP8, GOLGA6A, IMP3, CSPG4, ISL2, PEAK1, WDR61, RASGRF1, ZFAND6, FAH, STARD5, MIR9-3, AP3S2, AP3S2, SMG1, NDUFB10, NOXO1, ACSM5, ZNF598, ACSM2B, NPW, DCUN1D3, CASKIN1, RNPS1, UBFD1, TNRC6A, KDM8, NPIPB7, SULT1A1, QPRT, CDIPT, ASPHD1, TBC1D10B, SRCAP, FUS, ZNF720, CASP16, CASP16, PDIA2, ZSCAN32, AGGF1P4, SLX4, ZNF500, UBN1, NOD2, OGFOD1, GPR97, KIFC3, TEPP, PLEKHG4, PRMT7, COG8, WWP2, DDX19A, MARVELD3, ZNF821, ZFHX3, GLG1, RFWD3, PKD1L2, PKD1L2, CDH13, CBFA2T3, GRIN2A, NCOR1, USP32P1, MPRIP, SREBF1, DRG2, FLII, TVP23B, SLC5A10, SNORD3A, SNORD3A, SNORD3C, SLC47A2, LYRM9, SUPT6H, MYO18A, ATAD5, CDK12, ERBB2, MED24, TOP2A, KRT10, ACLY, PLEKHH3, WNK4, ANKFY1, ANKFY1, RUNDC3A, HOXB3, ABI3, ABCC3, ABCC3, C1QBP, SRSF1, DHX40, INTS2, DCAF7, ERN1, TEX2, AMZ2P1, FAM64A, AXIN2, PRKCA, ABCA9, ACADVL, ELP5, TMEM256-PLSCR3, CDR2L, ITGB4, ITGB4, WBP2, MGAT5B, MGAT5B, SHBG, AFMID, CNTROB, C17orf70, NPLOC4, ALOX12B, ALOX12B, PER1, PER1, CTC1, NDEL1, GATA6, TTC39C, CDH2, TTR, MYOM1, MYOM1, MYOM1, MYOM1, ASXL3, CTIF, MEX3C, RAB27B, ATP8B1, CCBE1, RTTN, C18orf63, ATP9B, AC139100.2, PPP4R1, TYK2, KEAP1, ZNF69, ZNF136, MAST1, DAZAP1, PCSK4, CYP4F22, ATP8B3, FKBP8, ARMC6, NDUFA13, ZNF91, ZNF91, HAMP, GIPC3, ZNF529, ZNF850, ZNF345, ZNF345, ZNF569, SIPA1L3, GMFG, C19orf54, CYP2F1, GRIK5, STAP2, PSG5, CHAF1A, BCL3, ERCC2, PPP5C, SAE1, SPHK2, SPHK2, HSD17B14, FUZ, ATF5, ZNF320, TMC4, TMC4, ZNF542, ZNF583, ZNF134, ZNF606, A1BG, SLC27A5, C3, MCOLN1, ELAVL1, RAB11B, MARCH2, HNRNPM, ZNF699, ZNF559-ZNF177, CDC14A, KIF1B, KIF1B, ST7L, FBXO6, HMGCS2, ADAM30, FCGR1B, ATAD3C, PDE4DIP, PDE4DIP, PDE4DIP, NBPF10, RP11-315I20.1, PRKAB2, MRPS21, CELF3, RUSC1-AS1, ASH1L, RIT1, MEF2D, BCAN, DNAJC16, MNDA, COPA, NDUFS2, UHMK1, TMCO1, SUCO, PAPPA2, RALGPS2, FAM20B, SOAT1, PRG4, TAS1R2, MRTO4, AKR7L, CFHR5, ZNF281, KIF14, ARL8A, PLEKHA6, MDM4, CNTN2, VWA5B1, PLXNA2, LAMB3, IRF6, IRF6, INTS7, SMYD2, GPATCH2, RP11-421L10.1, FBXO28, NVL, WNT3A, EPHA8, NID1, NID1, SDCCAG8, HNRNPU, STPG1, PGBD2, PDIK1L, NR0B2, PRDM16, PUM1, PUM1, TMEM39B, RNF19B, KIAA0319L, AGO3, COL8A2, THRAP3, C1orf174, SF3A3, MACF1, KIAA0754, KIAA0754, IPO13, UROD, PRDX1, TTC39A, ZFYVE9, ZFYVE9, CC2D1B, HOOK1, KCNAB2, ESPN, ANKRD13C, SYDE2, COL24A1, GBP1P1, LRRC8B, BTBD8, MACROD2, BFSP1, SNX5, FOXA2, GZF1, APMAP, TTLL9, PXMP4, MYH7B, EDEM2, EDEM2, SPAG4, CPNE1, ROMO1, CNBD2, ADAM33, RPRD1B, RALGAPB, HSPA12B, ZSWIM3, MMP9, SLC23A2, SLMO2, SYCP2, COL20A1, NPBWR2, BTG3, BRWD1, ZBTB21, SIK1, PFKL, MICAL3, HIRA, HIRA, RIMBP3, ZNF74, AIFM3, GGT2, TOP3B, CHEK2, ZNRF3, ASCC2, AC005003.1, ISX, APOL2, MYH9, GGA1, GTPBP1, ATF4, CACNA1I, MCHR1, EP300, EP300, SCUBE1, UPK3A, FAM19A5, ZBED4, PLXNB2, TYMP, PLGLA, RGPD3, AC012487.2, KCNF1, ZC3H6, TTL, PAX8, MAP3K2, WDR33, CCDC74A, MAP3K19, UBXN4, ACVR2A, UPP2, TBR1, STK39, ABCB11, UBR3, GPR155, ZC3H15, STAT1, STAT1, DNAH7, SF3B1, SPATS2L, AOX1, AOX1, AOX2P, CYP20A1, PUM2, CRYGA, PIKFYVE, APOB, MREG, TTLL4, ZFAND2B, ASIC4, STK11IP, WDFY1, MRPL44, DOCK10, IRS1, COL4A3, AGFG1, EIF4E2, GIGYF2, UBE2F, ATAD2B, ATAD2B, ANKMY1, SNED1, FARP2, ADCY3, ZNF513, C2orf71, SRD5A2, SRD5A2, BIRC6, BIRC6, CCDC104, REL, USP34, CCT4, UGP2, ASPRV1, ZNF638, EGR4, HK2, DNAH6, VAMP5, KDM3A, ZBTB11, TIMMDC1, NDUFB4, SLC12A8, C3orf56, TMCC1, PIK3R4, EPHB1, STAG1, PIK3CB, ZBTB38, PAQR9, CP, CP, SELT, MME, PHC3, SLC2A2, PLD1, TNFSF10, MCCC1, YEATS2, EIF4G1, EIF4G1, SENP2, IGF2BP2, TBCCD1, ST6GAL1, RTP4, ATP13A3, ATP13A3, KCNH8, MUC4, TNK2, TNK2, UBXN7-AS1, SENP5, TGFBR2, ARPP21, XYLB, MYRIP, LIMD1, DHX30, GPX1, MON1A, HYAL3, BAP1, PBRM1, ITIH1, CRYBG3, OR5H14, ADH6, ELOVL6, CTBP1, KIAA1109, CTBP1, SLC10A7, TDO2, TDO2, RAPGEF2, PALLD, LAP3, MED28, GBA3, ZCCHC4, FAM114A1, LIMCH1, TMEM128, ZNF721, GABRA4, CWH43, EXOC1, TMPRSS11B, UGT2B15, GC, ALB, FRAS1, TMEM150C, WDFY3, MARCH6, MARCH6, PJA2, SLC12A7, EPB41L4A, DMXL1, TNFAIP8, PRDM6, P4HA2, RAD50, FSTL4, TCF7, VTRNA2-1, SMAD5-AS1, MYOT, PAIP2, PAIP2, APBB3, APBB3, PCDHB7, PCDHGA3, PCDHGB1, PCDHGA4, PCDHGA6, SPRY4, SPINK5, SAP30L, IL12B, TENM2, NPM1, ZNF354A, ZFP2, ZNF354C, BTNL9, SKP2, FST, CDC20B, MIR449C, PPAP2A, IPO11, CTD-2324F15.2, SREK1IP1, SGTB, PIK3R1, PIK3R1, RAD17, RP11-136K7.2, FCHO2, GPR98, GPR98, GPR98, GPR98, ELL2, CHD1, PRDM13, PRDM13, GCNT2, GCNT2, AIM1, SLC16A10, ARG1, ARG1, VNN1, VNN1, RPS12, HBS1L, BCLAF1, UTRN, CCDC170, FBXO5, FBXO5, ARID1B, EZR, SOD2, IGF2R, UNC93A, MLLT4, MLLT4, DLL1, SLC17A3, ZNF184, ATAT1, C6orf47-AS1, VWA7, DXO, ATF6B, NOTCH4, TAP1, HLA-DMB, ITPR3, CMTR1, PRICKLE4, UBR2, PPP2R5D, MRPL2, SLC22A7, SLC25A27, RHAG, BMP5, PTP4A1, PHF3, RREB1, EEF1A1, BMP6, SNX14, SNX14, SYNCRIP, AKIRIN2, MDN1, GJA10, DPY19L2P2, DPY19L2P2, ATXN7L1, THSD7A, ST7-OT4, ZFAND2A, TSPAN12, COPG2, PLXNA4, CHRM2, UBN2, PARP12, OR6V1, DGKB, GIMAP8, NUB1, PAXIP1-AS1, LMBR1, NOM1, DNAJB6, TMEM184A, DNAH11, HOXA6, CARD11, VPS41, INHBA, NACAD, ABCA13, ABCA13, FSCN1, GUSB, GUSB, RABGEF1, TYW1, MLXIPL, RFC2, COL28A1, SRI, GATAD1, CALCR, TRRAP, CYP3A5, CYP3A5, UBR5, UBR5, DCAF13, CTSB, EIF3H, EIF3H, TAF2, ZHX2, FER1L6, PHF20L1, COL22A1, TRAPPC9, PTK2, RHPN1-AS1, RHPN1, PARP10, CYC1, CPSF1, PPP1R16A, C8orf33, MTUS1, PSD3, INTS10, TNFRSF10C, TNFRSF10D, LOXL2, MIR548H4, CSMD1, DCTN6, SNORD13, UNC5D, WHSC1L1, RB1CC1, XKR4, XKR4, SDR16C5, SDR16C5, TRAM1, IMPA1, PSKH2, WWP1, TMEM245, PTPN3, C9orf152, SVEP1, SNX30, RGS3, AMBP, ORM1, ATP6V1G1, CNTRL, RABGAP1, GPR21, RABGAP1, MIR600HG, DENND1A, TYRP1, NEK6, GARNL3, RPL12, ODF2, ODF2, MPDZ, MPDZ, CRAT, MPDZ, SETX, COL5A1, SNHG7, RABL6, LCN12, CNTLN, CNTLN, DENND4C, UBAP2, DNAI1, C9orf131, NPR2, RECK, RCL1, IL33, C9orf85, TLE4, DAPK1, IARS, ECM2, STAG2, TENM1, CD40LG, RPS6KA3, ARSE, CYBB, BCOR, DDX3X, ZNF630, MAGED1, MAGEH1, HPSE2, ENTPD7, FAM178A, KAZALD1, KAZALD1, PSD, WBP1L, ZRANB1, NPS, ARHGAP12, NCOA4, ASB13, ADO, ZNF503, RPS24, RPS24, CDHR1, ATAD1, COLCA2, FDXACB1, C11orf52, C11orf57, CADM1, KMT2A, DDX6, RPUSD4, TIRAP, NTM, ARNTL, LIN7C, TMEM109, FADS1, MRPL49, FOSL1, TMEM126B, SBF2, BTBD11, NAA25, MED13L, PXN, MLEC, CAMKK2, SOX5, REP15, SLC38A2, SENP1, ARF3, GPD1, ANKRD33, RARG, HOXC6, ZBTB39, LEMD3, NAP1L1, EFNB2, ARGLU1, MRP63, AMER2, PROSER1, FOXO1, FNDC3A, IGHD5-5, KIAA0125, C14orf119, IL25, ADCY4, CBLN3, MIPOL1, FOXA1, PNN, MPP5, ZFP36L1, DNAL1, FOXN3, EFCAB11, UBE3A, SPRED1, C15orf53, PAK6, ALDH1A2, PIAS1, CSPG4, WHAMM, NR2F2, GNPTG, ITPRIPL2, ERI2, TNRC6A, N4BP1, CNEP1R1, SALL1, CHD9, IRX3, MT1F, CMTM3, NRN1L, ESRP2, ESRP2, FAM195A, MAF, MAF, METTL22, CARHSP1, MC1R, SLC43A2, SCARF1, PRPF8, WDR81, WDR81, NLK, NLK, TMEM132E, ARHGAP23, CCR10, HEXIM1, SP2, ITGA3, RNFT1, MED13, MED13, MED13, HELZ, SOX9, H3F3B, VAMP2, SNORD118, SETBP1, WDR7, VAPA, EIF3G, ZNF440, SUGP2, ZNF430, GNG7, RHPN2, GPI, U2AF1L4, SAMD4B, ZNF575, RTN2, AP2A1, ZNF525, KIR3DX1, RAP1A, NOTCH2, HORMAD1, S100A1, ARHGEF2, CD48, SPEN, XCL1, KIFAP3, ZBTB41, NUAK2, MAPKAPK2, LPGAT1, PROX1, EPRS, EPHX1, OR2B11, SLC9A1, GPR3, GPR3, IFI6, RCC1, RBBP4, KIAA0754, C1orf210, GPBP1L1, OSBPL9, TM2D1, TP53INP2, SRC, TRIB3, SYS1, NCOA5, EYA2, SULF2, ZNFX1, LSM14B, TMEM50B, ASCC2, TRIOBP, PLA2G6, MIEF1, PHF21B, LONRF2, CNOT11, CNOT11, MAP4K4, MIR4429, CCDC93, SPOPL, SCN1A, DLX2, RPE, CTDSP1, USP37, C2orf71, YPEL5, COX7A2L, ZFP36L2, PRKCE, CCDC88A, UGP2, AAK1, TEX261, DYSF, MAT2A, CNNM3, PCNP, NFKBIZ, MYLK, TPRA1, PPP2R3A, ATP1B3, PAQR9, PLSCR5, DHX36, EAF1, EAF1, TIPARP, FNDC3B, DCUN1D1, ETV5, ACAP2, CRTAP, CLASP2, LRRFIP2, LIMD1, RHOA, PPP3CA, BOD1L1, SLBP, LAP3, PDS5A, PDS5A, MRFAP1, CXCL3, CNOT6L, NREP, TMED7-TICAM2, DMXL1, AC116366.6, AFF4, AFF4, JADE2, C5orf24, C5orf24, FAM53C, MZB1, PURA, NR3C1, MFAP3, DUSP1, CLTB, LIFR, MARVELD2, HMGCR, CMYA5, GLRX, SOBP, FYN, MARCKS, FOXQ1, AKAP7, CITED2, QKI, FAM8A1, SOX4, SOX4, HIST1H2BM, PRR3, C2, SRF, BCAP29, GPER1, MKLN1, INSIG1, LFNG, TTYH3, JAZF1, BMPER, STX1A, PDK4, RAD21, KIAA1456, DLC1, PLEC, MAF1, DGAT1, PI15, NCBP1, UGCG, NEK6, ZBTB34, SLC25A25, PRDM12, NRARP, ELAVL2, ZBTB5, GNAQ, ARHGAP6, LRCH2, FMR1, HCFC1, NHS"
TCGA-W6-AA0S-01,59,"FBXL15, YAP1, PIH1D2, BCO2, USP47, PRMT3, LRRC55, MTERFD3, SOX5, ITPR2, ITPR2, ITPR2, ITPR2, ITPR2, KRT85, POTEM, MAP1A, LEO1, MTFMT, IDH2, SRCAP, TRAF4, NFE2L1, WFIKKN2, NHLH2, PRAMEF12, LCE2B, SMG7, CRB1, CSRP1, BAGE2, ANKRD30BP2, HSPA13, NF2, CBWD2, LRP1B, TMEM198, SP140L, CEP68, ZBBX, NLGN1, PCDHGA9, JAKMIP2, JAKMIP2, LAMA4, BRD2, TAS2R3, KMT2C, ASNS, MPDZ, PTCH1, CLCN5, CCNB3, CTXN2, WNT3, HES7, CD177, IRF2BP2, GIGYF1"
TCGA-WD-A7RX-01,60,"GTPBP4, CCDC147, GCN1L1, KPNA3, RALGAPA1, NID2, HDC, KLHL25, CCDC154, C16orf71, PMFBP1, ZBTB4, FHOD3, ZNF627, LPHN1, ZNF730, KIRREL2, AMY2A, ANKRD20A12P, RGS4, ATP13A2, ARID1A, STK40, SLC4A11, WFDC11, MTG2, UNC80, TIGIT, DAZL, TNIK, PRSS12, NIPAL1, SNCAIP, FAM184A, ZKSCAN4, RXRB, DNAH8, ZC3HAV1, PKHD1L1, PSIP1, SIT1, GLIS3, AGTR2, SOX3, GLRA2, PLXNB3, VTI1A, LRRTM3, FCHSD2, FCHSD2, FCHSD2, FCHSD2, FCHSD2, SPTLC2, HERPUD1, REV3L, SOX4, XKR6, UBE2W, ZXDA"
TCGA-YR-A95A-01,54,"KCNIP2, TCF7L2, EPC1, DLG5, MRVI1, APOA4, ATP5G2, ESYT1, MEDAG, POTEG, SOCS4, AREL1, KCNK13, DMXL2, KIAA1024, ZNF500, ANKRD62, TMC4, NLRP5, ZSCAN18, GON4L, EPHA2, ARID1A, GBP4, CABIN1, MPPED1, TBC1D8, IDH1, HDAC4, RNF103, DNAJB8, GNL3, LNX1, MTMR9, RP1, MAN1B1, BMP15, PJA1, CYSLTR1, TRIM13, WARS, MARK3, MTMR10, ADAMTS18, FANCA, DOK6, ELAVL3, INSR, MXD1, FBXO8, CPLX1, HIST1H2APS4, BACH2, ZMIZ2"
TCGA-ZD-A8I3-01,57,"STOX1, NPFFR1, TBATA, OR51I1, AHNAK, CIT, LRP1, ATP2B1, C1QTNF9, SPRED1, SPRED1, ABCC1, NPIPB6, CHD9, CDH5, SMG8, PIK3R6, CDH7, LAMA1, CHIA, ARID4B, PDE4B, SSTR4, PTPRA, ZHX3, LRP1B, CTNNA2, DNAH6, ANK2, HSP90AB2P, BOD1L1, AIM1, DAXX, TULP1, PKHD1, FARS2, CSMD1, RGS20, INTS8, CDKN2A, SAGE1, MOSPD2, GDI1, RBM10, CDX4, TMEM135, DIP2B, PRPF39, NPAP1, CRHR1, FXYD7, CACNG2, PID1, GABRG2, HOXA2, EGR3, PLP2"
TCGA-ZH-A8Y1-01,64,"CUZD1, MKI67, PRKG1, PRKCQ, FOXRED1, MUC5B, OR5L2, SSRP1, SLC3A2, RPS3, PTPRO, UNC13C, AC004381.6, CCDC135, RNF112, PHLPP1, ZNF653, BEST2, ZNF345, ATP1A3, SIGLEC10, DDX59, MAP10, FMN2, DPH2, SNPH, UFD1L, IL1F10, BIN1, GALNT5, DNAH7, KLHL29, BIRC6, ANKRD36, PIK3CA, PBRM1, SSBP2, ROS1, PNLDC1, FBXO24, KMT2C, HNRNPA2B1, ZNF596, ASH2L, NOTCH1, TSC22D3, BCORL1, MIR450B, RBMX, MAGED1, HDX, MRVI1, CACNB3, FOXN3, MTRNR2L1, LRRC39, HIPK1, RFX5, ARL5A, ADH6, OR2H1, PDK4, KIAA1456, DMD"
TCGA-ZH-A8Y2-01,77,"GPR123, KNDC1, C10orf128, PPA1, ATM, CDC42BPG, EP400, FBRSL1, SMARCD1, FRY, TPT1-AS1, IPO5, TDRD9, UNC79, HYKK, PGPEP1L, CHTF18, FANCA, ATAD5, MAP3K14, TEX2, CACNG5, C3P1, DNAAF3, ZNF542, POLR3C, HDGF, ITPKB, ST3GAL3, PRKAA2, CAMTA1, SH3GLB1, PCNT, PI4KA, TOM1, ZC3H7B, NEB, KIAA1715, KIAA1715, NFE2L2, TTN, HECW2, SLC9A9, BAP1, SMIM3, CDHR2, HCN1, SLC9A3, F2RL1, T, TRIM39, HLA-DMA, FAM50B, KCNK17, KIAA1586, DGKI, DNAH11, RSPH10B, RECQL4, KIAA0368, XPNPEP2, ZIC3, SLITRK2, ARAF, PAGE2B, HEPH, ZCCHC24, APOLD1, LARP4, KCNJ2, ELAVL3, FKRP, CEP350, PROK2, AP3S1, ERLIN2, DLG3"
TCGA-ZH-A8Y4-01,101,"MUC2, IFT46, OR8B3, B3GNT6, ZFYVE26, RBM25, HERC2P3, PPIP5K1, CEP152, TNFAIP8L3, MVP, SNX20, TK2, MRPL45, C17orf77, C18orf54, ZNF407, RBFA, TYK2, ABCA7, WTIP, MATK, CYP2A13, ZNF234, ZSCAN1, RNPC3, CLCN6, GON4L, UHMK1, MAEL, ANKRD45, SLC30A1, OR2T6, INADL, L1TD1, SLC25A33, AL034548.1, CTNNBL1, CTCFL, POM121L4P, NF2, CARD10, SH3BP1, NOL12, CSDC2, CYP2D6, PXDN, SERPINE2, HADHB, LOXL3, NFKBIZ, TRAT1, THPO, PTH1R, SETD2, BAP1, PBRM1, PRKCD, CAMK2D, SLIT2, ZBTB49, PF4V1, CATSPER3, PCDHAC1, DOCK2, MAP1B, PGBD1, KIF6, FOXP2, PLXNA4, SVOPL, TRBV30, ZYX, ZNF786, GIMAP2, GRM3, LRRD1, SMURF1, MROH5, SNORD36B, LRCH2, PNCK, ARAF, UPRT, ZRANB1, FLI1, ALG10, FRY, SLITRK1, NIN, MIIP, SEMA4A, NME7, CCDC181, LIN9, NRXN1, SEMA3D, KAT6A, OPRK1, STAG2, AMER1"
TCGA-ZH-A8Y5-01,45,"VENTX, PRDM10, VPS26B, PRMT3, ART5, ANO1, KIAA1024, CACNA1G, WRAP53, ANKRD12, DPY19L3, FFAR3, DKKL1, LIM2, ZNF649, PDE4DIP, OR6P1, LAMA5, PDE9A, PASK, ANO7, NXPE3, ATP13A3, VPRBP, CENPE, UGT2B17, PRDM1, FGFR1OP, PINX1, TSC1, SPATA31D4, GLRA2, FUT4, UBE2N, PABPC3, MAB21L1, TCAP, U2AF1L4, MCL1, AKT3, PLOD2, KCNH8, CLINT1, WRNIP1, FAM133A"
TCGA-ZH-A8Y6-01,88,"GBF1, DNA2, LIPA, IFIT5, SPTY2D1, CREB3L1, AP002387.1, UBL3, LRCH1, DCT, INF2, PABPN1, TXNDC16, NTRK3, LONP2, OSGIN1, MYO15A, RARA, SKA2, HEATR6, GPRC5C, GRB2, RNF213, LAMA1, TDRD12, C19orf68, KIR3DL3, ZNF544, VWA5B1, PCNXL2, MTR, C1orf146, ARHGAP29, SIRPD, RIN2, CEP250, XKR3, SLC4A10, SLC38A11, MIR3132, MIR3132, CAPN13, IMPG2, IRAK2, CCK, COL7A1, APPL1, DNASE1L3, THAP9, DNAH5, ANXA6, FAM71B, F12, ZFP62, PCSK1, NHLRC1, GUSBP2, ME1, KMT2E, WDR60, ODF1, RB1CC1, LRRCC1, OR13C2, MIR602, FBP1, LINC00092, ESX1, FAM76B, KCNC2, SIX4, CENPBD1, FAM187A, ZNF236, KIR3DL3, FNDC5, DNAJC11, ERRFI1, APP, H1F0, TTN, MXD4, MXD4, MXD4, FAM46A, TMEM184A, PLAG1, VCP"
TCGA-ZH-A8Y8-01,54,"PARD3, WAPAL, CWF19L2, CTSW, CCDC83, ST5, SRSF8, KRAS, KRAS, WNT10B, FLT3, CCDC88C, TP53BP1, CLDN7, ENGASE, ALOX12B, ZNF521, EMILIN2, KEAP1, ZNF792, ZNF234, OLFM3, BRDT, PXMP4, TRPC4AP, NGEF, COL6A3, CEP68, KIAA0226, PYURF, PRDM6, RBM27, SEMA5A, ARID1B, ESYT2, POM121, ABCB4, CSMD3, SMIM19, HNRNPK, CTSL3P, MAGEA11, POLA1, CDC42EP2, CAND1, SERTM1, BTG2, TMED5, HAND2, ADD1, MOB1B, C4B-AS1, MAF1, SFRP1"
TCGA-ZU-A8S4-01,167,"RHOBTB1, CRTAM, DDB2, SLC43A3, SLC22A10, ZNF268, RP11-551L14.1, SCN8A, NTF3, DGKA, CAND1, TRPC4, FREM2, SLC8A3, NPTN, ZNF423, SALL1, SPPL2C, TEX14, PIEZO2, ANKRD62, RTTN, ARHGAP28, ABCA7, NLRP8, SELENBP1, OR2L2, ARID1A, RNF220, TMEM59, GBP1P1, SYNDIG1, PRDM15, PICK1, PTPN4, EPB41L5, UGGT1, GRB14, TTN, FSIP2, SPEG, IRS1, FAM179A, ALMS1, DZIP3, STAG1, FGFRL1, BBS7, RP11-526A4.1, FAM193A, PCDHGA4, CDH12, SLC9A3, GRIK2, REV3L, TUBB, GPR85, BRAF, KMT2C, EGFR, ZNF736, ATAD2, PI15, RABGAP1, RABGAP1, KIAA2026, ABHD17B, USP9X, RHOBTB1, CRTAM, DDB2, SLC43A3, SLC22A10, ZNF268, RP11-551L14.1, SCN8A, NTF3, DGKA, CAND1, TRPC4, FREM2, SLC8A3, NPTN, ZNF423, SALL1, SPPL2C, TEX14, PIEZO2, ANKRD62, RTTN, ARHGAP28, ABCA7, NLRP8, SELENBP1, OR2L2, ARID1A, RNF220, TMEM59, GBP1P1, SYNDIG1, PRDM15, PICK1, PTPN4, EPB41L5, UGGT1, GRB14, TTN, FSIP2, SPEG, IRS1, FAM179A, ALMS1, DZIP3, STAG1, FGFRL1, BBS7, RP11-526A4.1, FAM193A, PCDHGA4, CDH12, SLC9A3, IL31RA, GRIK2, REV3L, TUBB, GPR85, BRAF, KMT2C, EGFR, ZNF736, ATAD2, PI15, RABGAP1, RABGAP1, KIAA2026, USP9X, ADO, FAM35A, C15orf48, NUTF2, DKKL1, DCAF8, LPPR4, PLD1, IGF2BP2, OTUD4, MAB21L2, RGS14, ADAT2, SASH1, TINAG, ADO, FAM35A, UBASH3B, C15orf48, NUTF2, DKKL1, DCAF8, LPPR4, PLD1, IGF2BP2, OTUD4, MAB21L2, RGS14, ADAT2, SASH1, TINAG"
