HGVSp_Short,Tumor_Sample_Barcode
p.*2*,154
p.*3*,144
p.*13*,138
p.*5*,137
p.*8*,136
p.*1*,133
p.*6*,131
p.*4*,131
p.*7*,130
p.*11*,130
p.*12*,123
p.*10*,122
p.*9*,120
p.*17*,118
p.*14*,117
p.M1?,115
p.*15*,110
p.*18*,108
p.*20*,106
p.*24*,103
p.*19*,103
p.*21*,100
p.*22*,99
p.*16*,98
p.*23*,95
p.*25*,95
p.*26*,93
p.*27*,91
p.*30*,90
p.*31*,77
p.*33*,77
p.*28*,75
p.*32*,70
p.*29*,69
p.*34*,69
p.G12D,68
p.*39*,64
p.*38*,61
p.*36*,60
p.*42*,60
p.*35*,59
p.*3454*,58
p.*41*,57
p.*57*,53
p.*44*,52
p.*37*,51
p.*52*,50
p.G12V,50
p.*45*,49
p.*50*,49
p.*48*,49
p.*40*,48
p.V600E,48
p.*46*,48
p.*47*,46
p.*60*,46
p.R175H,45
p.*312*,44
p.G13D,43
p.*54*,43
p.*58*,40
p.*55*,40
p.*168*,40
p.*43*,40
p.*49*,39
p.*72*,39
p.E545K,39
p.*64*,39
p.*62*,38
p.R213*,38
p.*69*,37
p.*53*,37
p.*99*,37
p.*85*,36
p.*51*,35
p.*119*,35
p.*82*,35
p.R1450*,34
p.*56*,34
p.*74*,34
p.A2V,34
p.*61*,34
p.*80*,32
p.*170*,32
p.*76*,32
p.*96*,32
p.*79*,32
p.*176*,31
p.*70*,31
p.*273*,31
p.*66*,31
p.*125*,31
p.*161*,31
p.A146T,31
p.*108*,31
p.*83*,31
p.*231*,31
p.*136*,30
p.*798*,30
p.*94*,30
